{"cameraMode":{"drawMode":0,"name":"Shaded","section":"Shading Mode"},"sceneLighting":true,"audioPlay":false,"sceneViewState":{"showFog":true,"showMaterialUpdate":false,"showSkybox":true,"showFlares":true,"showImageEffects":true,"showParticleSystems":true},"in2DMode":false,"pivot":{"x":370.7351989746094,"y":6.73052978515625,"z":-31.9420166015625},"rotation":{"x":0.1553652435541153,"y":-0.005927105434238911,"z":0.0009322027326561511,"w":0.9878389239311218},"size":774.634765625,"orthographic":true}